annot_transcript_id	k562_1_chr20	k562_2_chr20
ENST00000382369.9	1	3
ENST00000500893.3	1	2
ENST00000414676.5	1	0
ENST00000342665.4	0	1
ENST00000492242.5	0	1
ENST00000382291.7	6	3
ENST00000608467.5	0	0
ENST00000217233.7	102	59
ENST00000449710.5	0	2
ENST00000382214.7	0	0
ENST00000356286.9	4	1
ENST00000415942.5	0	0
ENST00000475269.5	23	16
ENST00000353660.7	0	0
ENST00000400245.3	5	0
ENST00000382181.2	1	0
ENST00000400247.3	8	5
ENST00000468272.1	0	0
ENST00000461304.5	0	0
ENST00000354200.4	7	10
ENST00000646561.1	32	20
ENST00000643660.1	0	0
ENST00000645623.1	0	0
ENST00000349736.10	2	2
ENST00000217244.8	7	8
ENST00000642673.1	0	0
ENST00000644448.1	0	0
ENST00000645334.1	1	0
ENST00000645768.1	2	1
ENST00000609606.6	0	0
ENST00000642160.1	6	4
ENST00000608490.2	1	0
ENST00000381962.3	2	6
ENST00000645534.1	0	0
ENST00000381941.7	8	2
ENST00000541082.2	0	0
ENST00000492704.1	0	0
ENST00000246015.8	8	7
ENST00000335877.10	73	32
ENST00000484891.1	0	0
ENST00000620712.1	0	0
ENST00000381808.7	0	0
ENST00000339987.7	0	0
ENST00000360779.3	0	0
ENST00000607947.1	0	0
ENST00000446423.1	0	0
ENST00000474657.5	0	0
ENST00000400137.8	212	144
ENST00000618612.4	1	0
ENST00000439640.4	0	0
ENST00000381724.7	5	10
ENST00000381719.7	6	4
ENST00000381715.3	0	2
ENST00000353088.6	0	0
ENST00000555944.5	0	1
ENST00000216879.8	87	47
ENST00000615777.1	0	0
ENST00000400068.7	0	0
ENST00000622179.4	0	0
ENST00000356025.7	0	0
ENST00000358771.4	0	0
ENST00000411839.1	0	0
ENST00000381458.5	0	0
ENST00000381342.6	263	118
ENST00000438552.6	186	101
ENST00000474384.2	0	1
ENST00000278772.8	0	0
ENST00000329276.9	31	9
ENST00000469588.5	0	0
ENST00000612233.1	0	2
ENST00000415272.2	0	0
ENST00000492135.5	1	0
ENST00000480447.5	0	1
ENST00000462630.5	1	0
ENST00000467857.1	1	2
ENST00000474315.5	24	11
ENST00000380851.9	4	3
ENST00000380843.8	202	113
ENST00000474714.5	0	0
ENST00000360652.6	0	0
ENST00000356872.7	0	0
ENST00000380445.7	12	11
ENST00000380469.7	0	0
ENST00000380443.5	0	0
ENST00000455631.5	0	0
ENST00000216877.10	6	5
ENST00000399903.6	0	0
ENST00000380325.3	80	49
ENST00000217173.6	1	1
ENST00000348031.6	4	2
ENST00000380266.3	21	9
ENST00000329152.7	0	0
ENST00000496781.1	0	0
ENST00000354488.7	67	25
ENST00000380113.7	88	32
ENST00000490838.6	1	0
ENST00000455664.6	2	1
ENST00000460550.5	1	2
ENST00000399838.3	3	0
ENST00000461029.1	0	0
ENST00000472295.1	1	1
ENST00000642402.1	0	0
ENST00000647296.1	0	0
ENST00000621919.1	0	0
ENST00000252032.9	0	0
ENST00000446916.2	0	1
ENST00000483362.1	0	0
ENST00000356518.6	0	0
ENST00000379861.8	0	0
ENST00000217195.12	3	2
ENST00000399672.5	0	0
ENST00000379772.3	135	72
ENST00000379756.3	0	0
ENST00000379751.4	3	1
ENST00000344256.10	0	0
ENST00000467519.5	3	2
ENST00000245960.9	2	3
ENST00000439880.6	0	0
ENST00000340833.4	0	0
ENST00000246041.6	0	0
ENST00000379567.6	1	1
ENST00000615891.1	5	7
ENST00000416600.6	1	1
ENST00000428216.3	6	8
ENST00000451507.1	0	0
ENST00000497424.5	0	1
ENST00000316562.8	12	13
ENST00000336066.7	13	2
ENST00000621507.1	1	2
ENST00000621891.1	0	0
ENST00000336095.10	1	1
ENST00000358395.10	14	11
ENST00000545616.2	4	2
ENST00000427242.1	5	0
ENST00000621355.4	0	0
ENST00000339123.10	0	0
ENST00000305958.8	2	3
ENST00000278795.7	0	0
ENST00000379460.6	0	0
ENST00000379453.5	0	0
ENST00000379440.8	18	21
ENST00000424424.1	13	15
ENST00000457586.1	1	0
ENST00000305817.2	0	0
ENST00000379400.7	0	0
ENST00000338244.5	0	0
ENST00000379299.6	1	1
ENST00000379286.6	0	0
ENST00000379279.6	3	0
ENST00000379283.6	1	1
ENST00000342308.9	0	0
ENST00000202834.11	91	56
ENST00000379143.9	115	65
ENST00000379160.3	14	5
ENST00000391215.1	0	0
ENST00000460006.5	17	14
ENST00000379070.3	0	0
ENST00000379053.4	0	0
ENST00000379019.5	1	1
ENST00000481038.5	0	0
ENST00000378979.8	3	1
ENST00000303142.10	7	3
ENST00000378961.8	0	0
ENST00000203001.6	2	2
ENST00000453074.6	0	0
ENST00000378896.7	0	0
ENST00000610722.4	0	0
ENST00000378863.8	57	24
ENST00000452938.5	1	0
ENST00000217289.8	0	0
ENST00000434910.1	0	0
ENST00000246024.6	17	12
ENST00000437503.5	0	0
ENST00000378392.5	0	0
ENST00000378380.4	0	0
ENST00000421143.6	0	0
ENST00000347364.7	13	16
ENST00000334534.9	1	0
ENST00000254958.10	0	0
ENST00000254977.7	0	0
ENST00000399006.6	0	0
ENST00000405977.5	0	0
ENST00000449299.5	0	0
ENST00000422390.5	0	0
ENST00000378226.6	0	0
ENST00000399002.6	0	0
ENST00000337743.8	2	1
ENST00000432206.1	0	0
ENST00000378106.9	9	4
ENST00000378081.9	0	1
ENST00000463598.1	0	0
ENST00000475968.5	1	1
ENST00000482196.5	0	0
ENST00000378053.3	0	0
ENST00000354981.6	0	0
ENST00000377943.9	12	1
ENST00000246071.7	6	4
ENST00000478522.1	0	0
ENST00000377868.6	0	0
ENST00000246069.11	95	54
ENST00000474024.5	1	2
ENST00000468428.1	0	0
ENST00000246043.8	1	0
ENST00000455029.3	0	0
ENST00000398782.2	10	6
ENST00000377759.8	10	8
ENST00000490175.5	8	4
ENST00000377768.7	23	13
ENST00000484809.1	0	0
ENST00000606570.1	2	0
ENST00000463050.5	0	0
ENST00000606557.1	1	2
ENST00000606602.1	0	1
ENST00000486039.1	0	0
ENST00000390930.1	0	0
ENST00000377710.9	37	16
ENST00000377709.1	3	0
ENST00000467391.1	1	0
ENST00000432901.3	7	5
ENST00000464792.1	1	1
ENST00000489422.1	0	0
ENST00000492286.1	0	0
ENST00000377681.7	0	0
ENST00000535822.5	0	0
ENST00000628216.2	0	0
ENST00000377603.4	4	7
ENST00000462997.5	2	0
ENST00000337227.8	0	0
ENST00000415286.1	10	4
ENST00000377475.8	15	7
ENST00000336714.8	19	21
ENST00000643747.1	0	0
ENST00000377465.6	1	0
ENST00000435844.3	42	14
ENST00000411646.1	13	8
ENST00000377452.3	15	14
ENST00000494921.2	0	1
ENST00000609087.1	0	0
ENST00000648165.1	0	0
ENST00000424633.1	0	0
ENST00000334982.8	89	52
ENST00000484480.5	0	0
ENST00000310450.8	1	1
ENST00000463154.5	0	0
ENST00000480550.1	0	0
ENST00000398602.2	0	0
ENST00000481837.1	0	0
ENST00000536226.1	14	7
ENST00000620891.4	0	0
ENST00000619189.4	4	4
ENST00000362639.1	0	1
ENST00000457423.1	11	2
ENST00000622628.1	0	0
ENST00000377191.4	5	9
ENST00000484902.1	35	9
ENST00000564492.1	0	0
ENST00000419308.6	0	0
ENST00000377115.4	0	0
ENST00000254998.2	74	33
ENST00000452395.1	0	0
ENST00000338121.9	4	2
ENST00000377051.2	0	0
ENST00000377026.4	1	0
ENST00000468128.5	0	0
ENST00000398411.5	0	0
ENST00000376925.7	56	36
ENST00000602977.1	0	0
ENST00000304749.6	0	0
ENST00000451442.5	0	0
ENST00000217456.2	17	22
ENST00000323482.8	0	0
ENST00000376726.3	0	0
ENST00000354989.9	2	0
ENST00000360031.6	0	0
ENST00000376652.8	2	0
ENST00000433259.6	1	0
ENST00000485936.5	0	0
ENST00000463734.1	0	0
ENST00000490187.1	0	0
ENST00000216962.8	1	6
ENST00000471359.1	1	0
ENST00000610840.1	0	0
ENST00000376542.7	1	2
ENST00000339157.9	23	33
ENST00000414143.1	0	0
ENST00000262460.4	1	4
ENST00000278886.10	0	0
ENST00000304788.3	5	3
ENST00000252979.5	2	0
ENST00000376445.3	0	0
ENST00000358464.9	0	0
ENST00000376309.3	0	0
ENST00000398174.8	0	1
ENST00000335574.9	5	3
ENST00000340852.9	96	46
ENST00000466766.2	0	1
ENST00000498035.5	1	1
ENST00000483310.5	0	0
ENST00000493364.1	0	0
ENST00000376112.3	268	93
ENST00000376105.4	7	5
ENST00000376062.6	11	3
ENST00000376055.8	2	0
ENST00000307677.4	10	11
ENST00000450273.1	3	0
ENST00000300403.10	41	13
ENST00000340513.4	0	0
ENST00000428124.1	0	0
ENST00000375966.8	0	0
ENST00000202017.5	71	23
ENST00000398022.6	8	6
ENST00000217315.9	0	0
ENST00000495749.1	0	0
ENST00000479591.1	0	0
ENST00000611964.1	0	0
ENST00000565928.1	0	0
ENST00000246229.4	4	4
ENST00000375749.7	24	12
ENST00000375730.3	0	0
ENST00000486717.5	3	1
ENST00000408740.1	0	0
ENST00000375712.3	0	0
ENST00000359676.9	0	0
ENST00000621426.6	0	0
ENST00000326071.8	0	0
ENST00000278980.10	45	33
ENST00000446419.6	1	3
ENST00000375571.5	169	77
ENST00000569087.2	4	5
ENST00000170150.3	0	0
ENST00000253354.1	0	0
ENST00000482967.5	0	0
ENST00000473997.5	0	0
ENST00000346416.6	68	63
ENST00000357886.8	0	0
ENST00000339269.5	2	1
ENST00000217381.2	1	4
ENST00000342704.10	0	1
ENST00000246190.10	3	4
ENST00000375238.8	6	7
ENST00000330271.4	0	0
ENST00000343380.5	4	3
ENST00000409299.7	9	8
ENST00000344022.7	4	1
ENST00000342427.6	0	0
ENST00000375200.5	0	1
ENST00000217402.2	0	0
ENST00000618285.2	0	0
ENST00000375114.7	21	7
ENST00000246194.7	87	61
ENST00000374980.2	143	22
ENST00000217426.6	439	172
ENST00000374864.8	8	2
ENST00000262650.10	0	0
ENST00000357156.6	59	24
ENST00000480759.1	0	0
ENST00000300469.13	2	0
ENST00000383855.1	0	0
ENST00000360668.7	0	1
ENST00000397709.1	0	0
ENST00000217446.7	31	11
ENST00000374820.6	0	1
ENST00000336431.9	0	0
ENST00000481284.5	0	0
ENST00000360596.6	16	11
ENST00000476922.5	0	0
ENST00000494727.1	0	0
ENST00000216951.7	98	84
ENST00000642498.1	3	0
ENST00000643188.1	0	0
ENST00000451957.2	0	0
ENST00000451813.6	13	3
ENST00000252015.2	24	6
ENST00000374492.7	7	2
ENST00000374491.3	0	0
ENST00000216968.4	1	1
ENST00000424358.1	2	1
ENST00000624581.1	0	1
ENST00000440766.5	2	0
ENST00000374436.7	49	23
ENST00000374443.7	8	3
ENST00000447927.6	13	5
ENST00000374450.7	292	112
ENST00000472559.5	0	0
ENST00000374380.6	1	0
ENST00000374385.9	37	20
ENST00000496812.5	0	0
ENST00000424405.5	2	1
ENST00000491125.5	0	0
ENST00000374369.7	0	0
ENST00000397524.5	0	2
ENST00000348547.6	235	104
ENST00000447986.5	0	0
ENST00000486268.5	0	0
ENST00000416206.5	0	0
ENST00000411577.5	1	0
ENST00000488384.1	0	0
ENST00000616283.4	0	0
ENST00000498203.1	0	0
ENST00000352393.8	0	0
ENST00000462352.5	2	2
ENST00000397443.6	10	9
ENST00000483359.5	0	0
ENST00000397442.5	0	0
ENST00000374114.7	12	3
ENST00000374104.7	2	0
ENST00000435161.1	2	0
ENST00000374092.8	28	20
ENST00000374085.5	0	0
ENST00000480655.5	0	0
ENST00000397425.5	3	3
ENST00000306750.3	0	0
ENST00000374078.5	93	33
ENST00000374077.7	198	82
ENST00000374072.5	1	0
ENST00000397416.1	0	0
ENST00000336695.4	66	28
ENST00000463004.5	0	0
ENST00000461283.5	0	0
ENST00000253363.10	33	12
ENST00000361162.10	17	8
ENST00000338163.10	0	0
ENST00000403542.6	2	0
ENST00000528062.7	3	0
ENST00000495293.5	1	1
ENST00000444878.5	3	0
ENST00000492779.5	1	1
ENST00000496183.5	0	0
ENST00000490354.5	0	0
ENST00000465158.5	0	0
ENST00000453310.5	0	0
ENST00000416529.5	0	0
ENST00000397370.3	0	0
ENST00000463098.5	0	1
ENST00000461849.1	0	0
ENST00000374012.7	0	0
ENST00000374000.8	0	0
ENST00000617560.1	22	3
ENST00000305978.6	37	19
ENST00000614708.1	2	0
ENST00000565493.1	25	15
ENST00000320849.8	34	18
ENST00000373932.3	3	0
ENST00000475894.5	3	2
ENST00000340491.8	1	3
ENST00000279022.6	0	0
ENST00000346786.2	0	1
ENST00000373874.6	2	0
ENST00000373872.8	6	1
ENST00000558028.5	0	0
ENST00000558530.1	0	0
ENST00000344795.7	191	103
ENST00000492721.5	1	0
ENST00000483815.5	7	3
ENST00000373852.9	0	0
ENST00000342422.3	2	2
ENST00000494506.1	0	0
ENST00000373803.6	0	0
ENST00000349004.5	5	3
ENST00000426836.5	2	2
ENST00000373740.7	0	0
ENST00000448110.6	7	0
ENST00000480153.5	0	0
ENST00000373750.8	19	15
ENST00000373734.8	1	1
ENST00000217320.7	0	0
ENST00000646673.1	7	8
ENST00000262878.5	0	0
ENST00000373664.7	2	1
ENST00000344359.7	0	0
ENST00000421643.1	0	0
ENST00000237530.10	575	378
ENST00000470352.1	0	0
ENST00000373606.7	1	2
ENST00000397152.7	1	1
ENST00000373605.7	1	0
ENST00000373578.6	0	0
ENST00000467603.1	0	0
ENST00000649668.1	26	10
ENST00000414542.6	0	0
ENST00000361383.10	46	36
ENST00000373469.1	0	1
ENST00000472237.5	1	0
ENST00000373447.7	7	6
ENST00000449821.1	4	1
ENST00000373433.8	4	8
ENST00000361475.6	5	4
ENST00000469269.1	0	0
ENST00000468262.5	11	7
ENST00000217407.2	0	0
ENST00000436764.5	0	0
ENST00000417578.5	0	0
ENST00000453698.5	0	0
ENST00000400436.6	0	0
ENST00000483342.5	1	1
ENST00000421599.5	1	0
ENST00000420006.5	0	0
ENST00000359074.8	3	2
ENST00000432153.5	1	0
ENST00000434729.5	1	0
ENST00000442419.1	1	1
ENST00000444816.1	0	0
ENST00000262879.10	0	0
ENST00000461147.1	0	0
ENST00000243903.5	19	19
ENST00000619304.4	21	11
ENST00000570096.1	0	1
ENST00000252011.7	3	2
ENST00000615559.1	0	0
ENST00000373313.2	0	0
ENST00000361337.2	1	0
ENST00000244007.7	0	0
ENST00000373271.5	0	0
ENST00000421422.1	0	0
ENST00000559296.1	0	0
ENST00000373257.7	0	0
ENST00000632009.1	0	0
ENST00000491528.1	0	0
ENST00000482596.1	0	0
ENST00000483871.6	1	0
ENST00000244020.4	17	19
ENST00000373135.8	0	0
ENST00000432727.1	0	0
ENST00000373092.8	0	0
ENST00000373030.7	9	5
ENST00000373039.4	6	4
ENST00000396863.8	0	0
ENST00000217026.4	10	28
ENST00000372980.3	0	0
ENST00000342272.3	0	0
ENST00000255174.2	29	18
ENST00000439943.5	0	0
ENST00000435163.4	0	0
ENST00000396825.3	2	0
ENST00000316673.8	0	0
ENST00000443598.6	0	0
ENST00000316099.8	0	0
ENST00000412502.1	3	0
ENST00000262605.8	1	0
ENST00000372904.7	0	0
ENST00000456317.1	1	0
ENST00000461134.1	0	0
ENST00000411544.5	0	0
ENST00000255175.5	5	1
ENST00000342374.4	67	47
ENST00000372894.7	5	0
ENST00000372892.7	0	0
ENST00000372891.7	0	0
ENST00000372886.5	0	0
ENST00000349959.3	0	0
ENST00000372874.8	22	8
ENST00000492931.5	0	1
ENST00000537820.1	1	1
ENST00000427598.5	0	0
ENST00000445420.5	0	0
ENST00000372861.4	0	0
ENST00000353703.8	102	108
ENST00000372839.7	11	12
ENST00000537323.5	0	0
ENST00000372824.5	0	0
ENST00000372813.3	119	67
ENST00000434401.1	0	1
ENST00000372806.7	0	2
ENST00000488618.1	1	0
ENST00000372733.3	1	0
ENST00000243918.9	28	14
ENST00000426004.5	0	2
ENST00000453003.1	2	4
ENST00000419593.5	0	0
ENST00000475242.5	0	0
ENST00000452133.1	0	1
ENST00000372723.7	0	0
ENST00000372717.5	0	0
ENST00000360981.8	16	12
ENST00000372712.6	0	0
ENST00000372710.3	0	0
ENST00000443296.1	0	0
ENST00000279036.11	59	23
ENST00000279035.14	1	3
ENST00000638246.1	4	0
ENST00000543458.7	1	0
ENST00000638978.1	1	0
ENST00000372689.9	1	0
ENST00000639499.1	2	1
ENST00000640175.1	0	0
ENST00000455050.2	0	0
ENST00000640272.1	1	0
ENST00000640585.1	0	0
ENST00000639932.1	1	0
ENST00000640986.1	1	0
ENST00000638714.1	0	0
ENST00000640210.1	0	0
ENST00000545755.3	0	1
ENST00000638962.1	0	0
ENST00000638241.1	0	1
ENST00000640253.1	0	0
ENST00000372622.7	32	13
ENST00000456939.5	1	0
ENST00000405520.5	0	0
ENST00000356455.8	0	0
ENST00000335046.7	0	0
ENST00000243893.10	0	0
ENST00000352551.9	0	0
ENST00000372568.4	0	0
ENST00000372555.7	0	0
ENST00000491381.5	0	0
ENST00000342644.9	0	0
ENST00000372542.5	0	0
ENST00000344780.4	0	0
ENST00000486336.1	0	0
ENST00000217455.8	10	4
ENST00000461272.5	0	1
ENST00000488679.5	0	0
ENST00000457981.5	2	4
ENST00000426915.1	3	3
ENST00000255152.2	2	0
ENST00000372520.1	0	0
ENST00000545238.1	0	0
ENST00000372518.4	0	0
ENST00000606788.5	0	0
ENST00000372484.7	9	10
ENST00000354880.9	0	0
ENST00000191018.9	1	0
ENST00000372459.6	1	2
ENST00000484855.2	2	2
ENST00000354050.8	1	0
ENST00000372420.5	2	0
ENST00000372431.7	15	19
ENST00000477313.5	0	0
ENST00000420868.2	0	1
ENST00000647856.1	0	0
ENST00000372409.7	19	8
ENST00000616084.1	4	4
ENST00000628272.1	4	0
ENST00000413737.2	0	0
ENST00000290231.10	4	3
ENST00000372285.7	0	0
ENST00000372276.7	0	0
ENST00000466205.5	0	0
ENST00000543605.5	1	2
ENST00000372230.9	21	22
ENST00000243896.6	0	2
ENST00000317734.12	0	0
ENST00000290246.10	0	0
ENST00000372176.5	0	0
ENST00000396391.5	0	0
ENST00000279027.8	0	0
ENST00000413164.6	0	0
ENST00000372114.3	36	13
ENST00000372102.3	3	0
ENST00000359271.3	0	0
ENST00000360911.7	1	0
ENST00000446994.6	0	0
ENST00000352431.6	2	1
ENST00000461685.5	2	2
ENST00000599904.2	0	0
ENST00000609320.1	0	0
ENST00000371998.7	0	0
ENST00000417781.5	0	0
ENST00000396192.7	0	0
ENST00000262982.2	102	22
ENST00000371856.6	4	0
ENST00000371828.7	1	1
ENST00000360426.8	19	6
ENST00000347458.9	0	0
ENST00000340954.11	0	0
ENST00000371802.5	0	0
ENST00000437404.2	0	1
ENST00000622530.4	9	14
ENST00000371752.5	0	0
ENST00000371743.7	42	19
ENST00000441722.5	115	50
ENST00000417721.5	7	12
ENST00000450535.5	1	0
ENST00000326677.9	3	5
ENST00000428008.5	1	2
ENST00000610973.1	0	2
ENST00000371741.5	0	0
ENST00000361573.2	0	0
ENST00000289431.9	2	3
ENST00000623528.3	2	0
ENST00000244061.5	111	48
ENST00000622999.3	0	0
ENST00000624620.1	0	0
ENST00000625177.3	0	0
ENST00000624666.1	0	0
ENST00000244050.2	1	4
ENST00000371657.9	0	0
ENST00000396059.7	9	4
ENST00000371674.7	253	78
ENST00000557021.5	0	0
ENST00000340309.7	2	1
ENST00000415862.6	1	0
ENST00000461960.5	3	0
ENST00000371652.8	25	17
ENST00000371656.3	0	0
ENST00000453505.6	2	0
ENST00000371658.3	0	2
ENST00000427333.5	0	0
ENST00000411453.2	0	0
ENST00000303004.4	8	15
ENST00000371639.7	0	0
ENST00000371621.4	7	8
ENST00000385283.1	0	0
ENST00000371610.6	1	2
ENST00000396039.1	0	0
ENST00000358791.9	0	0
ENST00000371608.6	0	0
ENST00000445038.5	0	1
ENST00000396032.8	0	0
ENST00000371588.9	35	18
ENST00000466152.5	0	1
ENST00000371582.8	4	1
ENST00000371584.8	2	0
ENST00000244051.2	16	20
ENST00000371523.8	0	0
ENST00000361387.6	0	0
ENST00000395989.7	0	0
ENST00000371515.8	0	0
ENST00000216923.4	3	4
ENST00000371435.6	0	0
ENST00000216862.7	0	0
ENST00000472970.1	0	0
ENST00000371419.6	83	24
ENST00000432629.1	0	0
ENST00000371384.3	59	50
ENST00000437418.1	2	2
ENST00000395914.5	10	6
ENST00000371356.6	2	2
ENST00000347343.6	19	9
ENST00000395911.5	2	1
ENST00000312783.10	16	10
ENST00000395915.7	39	18
ENST00000395913.7	14	12
ENST00000456249.5	1	0
ENST00000217109.8	42	18
ENST00000023939.8	1	1
ENST00000357348.9	182	125
ENST00000395881.7	5	3
ENST00000477573.1	0	0
ENST00000201031.2	0	0
ENST00000395841.6	188	103
ENST00000371242.6	9	2
ENST00000527947.5	5	3
ENST00000356208.9	10	11
ENST00000440234.6	0	0
ENST00000319441.5	0	0
ENST00000485958.1	0	0
ENST00000347215.8	0	0
ENST00000614771.1	0	0
ENST00000244040.3	4	12
ENST00000475243.5	22	31
ENST00000395802.7	1	2
ENST00000476395.1	0	0
ENST00000371149.7	0	0
ENST00000598340.2	0	0
ENST00000371132.8	0	1
ENST00000358029.8	0	0
ENST00000356091.10	0	0
ENST00000527081.1	0	0
ENST00000477931.5	11	12
ENST00000480975.5	5	4
ENST00000371095.7	8	8
ENST00000371085.7	3	1
ENST00000354359.11	0	0
ENST00000265620.11	6	6
ENST00000487862.5	1	3
ENST00000496934.5	0	0
ENST00000476196.5	3	3
ENST00000475610.1	2	1
ENST00000602795.5	154	87
ENST00000460601.5	1	0
ENST00000217131.5	0	0
ENST00000503833.6	1	0
ENST00000243997.7	836	281
ENST00000395663.1	1	0
ENST00000355937.8	100	60
ENST00000371033.9	5	2
ENST00000463057.1	1	3
ENST00000360816.7	13	10
ENST00000469084.5	0	1
ENST00000370996.4	4	0
ENST00000370873.8	555	256
ENST00000484488.5	7	2
ENST00000486193.1	293	200
ENST00000370858.3	1	0
ENST00000370823.7	10	8
ENST00000488748.1	0	0
ENST00000313733.8	12	4
ENST00000358053.3	0	0
ENST00000644775.1	0	0
ENST00000618198.4	0	0
ENST00000620230.4	8	6
ENST00000253003.6	200	136
ENST00000495695.1	0	0
ENST00000610979.1	4	1
ENST00000343986.8	1276	319
ENST00000492356.2	43	14
ENST00000450116.6	19	9
ENST00000616512.1	0	0
ENST00000217159.5	9	8
ENST00000370507.5	1	2
ENST00000451793.1	0	0
ENST00000451648.1	0	0
ENST00000411824.1	0	0
ENST00000370487.4	8	25
ENST00000290291.10	6	21
ENST00000370461.5	0	0
ENST00000649368.1	0	0
ENST00000466192.5	0	0
ENST00000467819.5	0	0
ENST00000466532.1	0	0
ENST00000370371.8	4	3
ENST00000370368.5	0	0
ENST00000354665.8	9	6
ENST00000266069.4	33	26
ENST00000370351.8	0	0
ENST00000370349.7	0	0
ENST00000483113.1	0	0
ENST00000370339.7	1	0
ENST00000615354.1	0	2
ENST00000342412.10	0	0
ENST00000217169.7	0	0
ENST00000370283.8	20	9
ENST00000549047.5	0	0
ENST00000519531.5	0	0
ENST00000518794.6	0	0
ENST00000370179.7	0	2
ENST00000370082.1	0	0
ENST00000370069.5	0	0
ENST00000266068.5	0	0
ENST00000370077.1	0	2
ENST00000449500.1	2	1
ENST00000411579.1	0	0
ENST00000370053.2	6	17
ENST00000370018.7	0	0
ENST00000360203.10	0	0
ENST00000369996.2	0	0
ENST00000612256.4	5	3
ENST00000619493.4	0	1
ENST00000622789.4	14	12
ENST00000610414.4	0	0
ENST00000618838.4	3	4
ENST00000612157.4	3	1
ENST00000618568.4	2	4
ENST00000607873.1	1	1
ENST00000448100.6	1	0
ENST00000355969.10	8	9
ENST00000357119.8	0	0
ENST00000369967.7	1	3
ENST00000328969.5	0	0
ENST00000487026.5	0	0
ENST00000496425.1	0	2
ENST00000245663.8	0	0
ENST00000601296.2	0	1
ENST00000615907.4	0	0
ENST00000369927.8	0	0
ENST00000346249.8	105	66
ENST00000348257.9	45	22
ENST00000352482.8	0	0
ENST00000474176.2	0	0
ENST00000360864.8	0	2
ENST00000470551.1	0	3
ENST00000623569.1	0	0
ENST00000369888.5	0	0
ENST00000369886.7	1	1
ENST00000498830.5	1	0
ENST00000266079.4	36	38
ENST00000636176.1	0	0
ENST00000358393.1	1	0
ENST00000340356.8	4	4
ENST00000475792.1	0	0
ENST00000343484.9	1	0
ENST00000476113.1	0	0
ENST00000495168.1	0	0
ENST00000455524.1	0	0
ENST00000395042.1	3	4
ENST00000332298.9	17	12
ENST00000355631.8	0	0
ENST00000369758.8	0	0
ENST00000308824.10	5	4
TALONT000004516	2	0
TALONT000004562	1	0
TALONT000004762	2	0
TALONT000004852	0	0
TALONT000004863	1	1
TALONT000004927	67	17
TALONT000005053	2	1
TALONT000005236	3	2
TALONT000005245	0	0
TALONT000005280	1	0
TALONT000005545	0	1
TALONT000005555	1	1
TALONT000005675	1	0
TALONT000005687	5	1
TALONT000005727	1	0
TALONT000005728	1	3
TALONT000005732	2	2
TALONT000006153	0	0
TALONT000006154	0	0
TALONT000006184	62	33
TALONT000006403	6	5
TALONT000006405	1	3
TALONT000006436	3	0
TALONT000006442	1	0
TALONT000006446	0	0
TALONT000006454	0	0
TALONT000006455	0	0
TALONT000006505	0	0
TALONT000006538	5	0
TALONT000006558	0	2
TALONT000006563	1	1
TALONT000006566	0	0
TALONT000006862	0	0
TALONT000006965	18	12
TALONT000006969	1	2
TALONT000007076	0	0
TALONT000007129	0	0
TALONT000007157	0	0
TALONT000007219	2	1
TALONT000007221	2	3
TALONT000007227	1	1
TALONT000007345	0	0
TALONT000007409	2	0
TALONT000007414	0	0
TALONT000007420	0	0
TALONT000007684	7	3
TALONT000007714	20	10
TALONT000007718	3	3
TALONT000007848	8	5
TALONT000007904	2	0
TALONT000007977	3	1
TALONT000008056	2	2
TALONT000008084	0	3
TALONT000008101	2	0
TALONT000008246	0	0
TALONT000008247	0	0
TALONT000008248	0	0
TALONT000008250	0	0
TALONT000008255	0	0
TALONT000008259	0	0
TALONT000008266	0	0
TALONT000008267	0	0
TALONT000008271	0	0
TALONT000008288	0	0
TALONT000008293	0	0
TALONT000008295	0	0
TALONT000008396	0	0
TALONT000008398	0	0
TALONT000008447	0	0
TALONT000008450	0	0
TALONT000008658	8	3
TALONT000008712	3	3
TALONT000008733	1	0
TALONT000008741	3	1
TALONT000008783	49	19
TALONT000008810	9	1
TALONT000008811	2	0
TALONT000008815	22	10
TALONT000008822	2	4
TALONT000008913	3	2
TALONT000008927	3	2
TALONT000008971	0	1
TALONT000009065	9	9
TALONT000009125	3	1
TALONT000009211	1	1
TALONT000009212	0	0
TALONT000009299	3	4
TALONT000009303	6	3
TALONT000009304	1	0
TALONT000009305	2	1
TALONT000009483	3	2
TALONT000009498	3	0
TALONT000009515	1	2
TALONT000009551	16	4
TALONT000009552	0	1
TALONT000009557	1	0
TALONT000009570	0	0
TALONT000009582	4	1
TALONT000009843	28	19
TALONT000009949	16	3
TALONT000009991	4	2
TALONT000010000	0	0
TALONT000010005	0	0
TALONT000010184	10	15
TALONT000010299	57	35
TALONT000010401	5	1
TALONT000010410	1	2
TALONT000010415	2	2
TALONT000010438	0	0
TALONT000010544	4	0
TALONT000010580	0	0
TALONT000010582	6	2
TALONT000010742	9	5
TALONT000010798	1	1
TALONT000011049	0	0
TALONT000011196	4	5
TALONT000011214	2	5
TALONT000011233	3	4
TALONT000011274	0	1
TALONT000011342	0	0
TALONT000011348	1	4
TALONT000011390	0	0
TALONT000011499	0	0
TALONT000011622	8	1
TALONT000011626	1	0
TALONT000011678	1	1
TALONT000011755	0	0
TALONT000012076	5	1
TALONT000012079	3	0
TALONT000012080	35	35
TALONT000012081	4	1
TALONT000012286	1	3
TALONT000012301	0	0
TALONT000012377	15	6
TALONT000012534	24	12
TALONT000012683	9	3
TALONT000012697	6	5
TALONT000012700	7	3
TALONT000012708	11	10
TALONT000012772	18	12
TALONT000012815	7	5
TALONT000012855	1	1
TALONT000012864	5	2
TALONT000013125	2	0
TALONT000013129	3	1
TALONT000013144	5	1
TALONT000013147	10	5
TALONT000013148	4	1
TALONT000013345	15	6
TALONT000013396	9	8
TALONT000013454	23	19
TALONT000013455	8	3
TALONT000013456	3	1
TALONT000013499	13	6
TALONT000013557	32	5
TALONT000013597	460	111
TALONT000013598	8	4
TALONT000013655	0	0
TALONT000013657	0	0
TALONT000013708	3	4
TALONT000013745	0	0
TALONT000013828	0	0
TALONT000013888	4	4
TALONT000013916	6	4
TALONT000013998	27	16
TALONT000014082	0	1
TALONT000014094	0	2
TALONT000014147	5	3
TALONT000014159	3	4
TALONT000014162	7	8
TALONT000014163	8	2
TALONT000014165	3	5
TALONT000014251	31	11
TALONT000014303	0	0
TALONT000014317	12	9
TALONT000014329	0	0
TALONT000014372	3	1